team_id,team_name,season,conference,rpi_rank,sos_rank,nonconference_rpi_rank,nonconference_sos_rank,conference_wins,conference_losses,conference_win_pct,overall_wins,overall_losses,overall_win_pct,nonconference_wins,nonconference_losses,nonconference_win_pct,home_wins,home_losses,home_win_pct,road_wins,road_losses,road_win_pct,neutral_wins,neutral_losses,neutral_win_pct,q1_wins,q1_losses,q1_win_pct,q2_wins,q2_losses,q2_win_pct,q3_wins,q3_losses,q3_win_pct,q4_wins,q4_losses,q4_win_pct
IPEDS:221759,Tennessee,2022,SEC,1,30,8,135,25,5,0.8333,57,9,0.8636,24,2,0.9231,38,5,0.8837,13,2,0.8667,6,2,0.75,26,8,0.7647,10,0,1.0,8,1,0.8889,13,0,1.0
IPEDS:209542,Oregon State,2022,Pac-12,2,18,1,9,20,10,0.6667,48,18,0.7273,21,3,0.875,23,11,0.6765,14,5,0.7368,11,2,0.8462,13,9,0.5909,21,7,0.75,10,2,0.8333,4,0,1.0
IPEDS:152080,Notre Dame,2022,ACC,3,27,3,67,16,11,0.5926,41,17,0.7069,17,2,0.8947,17,3,0.85,13,9,0.5909,11,5,0.6875,20,10,0.6667,4,1,0.8,4,4,0.5,13,2,0.8667
IPEDS:243744,Stanford,2022,Pac-12,4,23,10,22,21,9,0.7,47,18,0.7231,16,5,0.7619,26,7,0.7879,13,8,0.619,8,3,0.7273,12,11,0.5217,14,5,0.7368,13,0,1.0,8,2,0.8
IPEDS:207500,Oklahoma,2022,Big 12,5,5,30,4,15,9,0.625,45,24,0.6522,18,11,0.6207,19,8,0.7037,12,9,0.5714,14,7,0.6667,26,15,0.6341,8,3,0.7273,4,5,0.4444,7,1,0.875
IPEDS:100858,Auburn,2022,SEC,6,6,13,35,16,13,0.5517,43,22,0.6615,21,5,0.8077,25,9,0.7353,12,9,0.5714,6,4,0.6,17,16,0.5152,12,2,0.8571,7,3,0.7,7,1,0.875
IPEDS:176017,Ole Miss,2022,SEC,7,4,15,41,14,16,0.4667,42,23,0.6462,18,5,0.7826,19,12,0.6129,15,8,0.6522,8,3,0.7273,20,15,0.5714,8,4,0.6667,4,4,0.5,10,0,1.0
IPEDS:228723,Texas A&M,2022,SEC,8,15,38,47,19,11,0.6333,44,20,0.6875,16,6,0.7273,27,9,0.75,12,6,0.6667,5,5,0.5,24,13,0.6486,5,5,0.5,7,2,0.7778,8,0,1.0
IPEDS:221999,Vanderbilt,2022,SEC,9,1,5,46,14,16,0.4667,39,23,0.629,21,3,0.875,21,12,0.6364,13,8,0.619,5,3,0.625,14,21,0.4,8,2,0.8,7,0,1.0,10,0,1.0
IPEDS:233921,Virginia Tech,2022,ACC,10,50,14,171,19,9,0.6786,45,14,0.7627,21,2,0.913,33,7,0.825,11,6,0.6471,1,1,0.5,18,11,0.6207,3,1,0.75,10,2,0.8333,14,0,1.0
IPEDS:199120,North Carolina,2022,ACC,11,3,7,38,15,15,0.5,42,22,0.6562,19,4,0.8261,33,9,0.7857,5,12,0.2941,4,1,0.8,21,18,0.5385,8,2,0.8,5,1,0.8333,8,1,0.8889
IPEDS:228778,Texas,2022,Big 12,12,24,11,40,14,10,0.5833,47,22,0.6812,25,7,0.7812,27,7,0.7941,15,10,0.6,5,5,0.5,19,15,0.5588,8,7,0.5333,4,0,1.0,16,0,1.0
IPEDS:163286,Maryland,2022,Big Ten,13,75,6,86,18,5,0.7826,48,14,0.7742,26,5,0.8387,27,4,0.871,19,7,0.7308,2,3,0.4,5,6,0.4545,12,3,0.8,15,2,0.8824,16,3,0.8421
IPEDS:106397,Arkansas,2022,SEC,14,26,41,157,18,12,0.6,46,21,0.6866,20,4,0.8333,28,7,0.8,11,9,0.55,7,5,0.5833,21,16,0.5676,4,2,0.6667,5,2,0.7143,16,1,0.9412
IPEDS:199847,Wake Forest,2022,ACC,15,28,2,88,15,14,0.5172,41,19,0.6833,24,2,0.9231,26,7,0.7879,13,10,0.5652,2,2,0.5,14,17,0.4516,4,0,1.0,11,1,0.9167,12,1,0.9231
IPEDS:134130,Florida,2022,SEC,16,7,12,45,15,15,0.5,42,24,0.6364,20,5,0.8,25,13,0.6579,12,9,0.5714,5,2,0.7143,17,21,0.4474,10,2,0.8333,6,0,1.0,9,1,0.9
IPEDS:159391,LSU,2022,SEC,17,14,21,71,17,13,0.5667,40,22,0.6452,20,5,0.8,26,9,0.7429,11,9,0.55,3,4,0.4286,14,20,0.4118,6,1,0.8571,5,1,0.8333,15,0,1.0
IPEDS:198464,East Carolina,2022,American Athletic,18,29,40,5,20,4,0.8333,46,21,0.6866,18,14,0.5625,27,11,0.7105,15,10,0.6,4,0,1.0,5,10,0.3333,17,5,0.7727,13,5,0.7222,11,1,0.9167
IPEDS:207388,Oklahoma State,2022,Big 12,19,19,24,25,15,9,0.625,42,22,0.6562,21,9,0.7,21,12,0.6364,16,5,0.7619,5,5,0.5,14,17,0.4516,11,2,0.8462,10,3,0.7692,7,0,1.0
IPEDS:228459,Texas State,2022,Sun Belt,20,87,29,65,26,4,0.8667,47,14,0.7705,18,7,0.72,26,6,0.8125,19,7,0.7308,2,1,0.6667,9,9,0.5,9,2,0.8182,8,1,0.8889,21,2,0.913
IPEDS:157289,Louisville,2022,ACC,21,21,31,89,18,11,0.6207,42,21,0.6667,20,5,0.8,33,7,0.825,8,11,0.4211,1,3,0.25,18,13,0.5806,8,5,0.6154,6,1,0.8571,10,2,0.8333
IPEDS:176372,Southern Miss,2022,Conference USA,22,45,19,36,23,7,0.7667,47,19,0.7121,18,7,0.72,26,13,0.6667,19,6,0.76,2,0,1.0,9,13,0.4091,18,5,0.7826,5,0,1.0,15,1,0.9375
IPEDS:139755,Georgia Tech,2022,ACC,23,9,20,42,15,15,0.5,36,24,0.6,18,6,0.75,22,9,0.7097,11,12,0.4783,3,3,0.5,15,16,0.4839,7,6,0.5385,5,2,0.7143,9,0,1.0
IPEDS:139959,Georgia,2022,SEC,24,10,9,28,15,15,0.5,36,23,0.6102,20,5,0.8,23,9,0.7188,9,11,0.45,4,3,0.5714,15,18,0.4545,7,4,0.6364,7,1,0.875,7,0,1.0
IPEDS:139931,Georgia Southern,2022,Sun Belt,25,37,27,3,23,7,0.7667,41,20,0.6721,15,10,0.6,25,8,0.7576,13,11,0.5417,3,1,0.75,5,12,0.2941,20,6,0.7692,4,1,0.8,12,1,0.9231
IPEDS:129020,Connecticut,2022,Big East,26,128,23,129,16,5,0.7619,50,16,0.7576,27,8,0.7714,19,4,0.8261,26,11,0.7027,5,1,0.8333,5,3,0.625,7,2,0.7778,9,7,0.5625,29,4,0.8788
IPEDS:135726,Miami (FL),2022,ACC,27,25,48,94,20,10,0.6667,40,20,0.6667,19,6,0.76,29,10,0.7436,11,8,0.5789,0,2,0.0,14,14,0.5,8,3,0.7273,10,3,0.7692,8,0,1.0
IPEDS:234076,Virginia,2022,ACC,28,40,17,170,17,13,0.5667,39,19,0.6724,21,2,0.913,29,5,0.8529,7,11,0.3889,3,3,0.5,13,15,0.4643,3,3,0.5,9,1,0.9,14,0,1.0
IPEDS:218724,Coastal Carolina,2022,Sun Belt,29,43,16,2,21,8,0.7241,39,20,0.661,15,9,0.625,22,7,0.7586,15,11,0.5769,2,2,0.5,10,9,0.5263,14,9,0.6087,3,0,1.0,12,2,0.8571
IPEDS:224226,Dallas Baptist,2022,Missouri Valley,30,16,4,1,11,9,0.55,34,24,0.5862,22,11,0.6667,20,9,0.6897,12,11,0.5217,2,4,0.3333,13,10,0.5652,8,8,0.5,6,2,0.75,7,4,0.6364
IPEDS:235316,Gonzaga,2022,West Coast,31,67,18,18,20,7,0.7407,37,19,0.6607,14,8,0.6364,11,4,0.7333,20,9,0.6897,6,6,0.5,6,10,0.375,7,2,0.7778,9,4,0.6923,15,3,0.8333
IPEDS:209551,Oregon,2022,Pac-12,32,12,28,6,18,12,0.6,36,25,0.5902,17,9,0.6538,25,10,0.7143,10,12,0.4545,1,3,0.25,10,12,0.4545,12,8,0.6,7,3,0.7,7,1,0.875
IPEDS:134097,Florida State,2022,ACC,33,8,25,23,15,15,0.5,34,25,0.5763,17,7,0.7083,26,8,0.7647,6,14,0.3,2,3,0.4,16,17,0.4848,5,3,0.625,12,5,0.7059,1,0,1.0
IPEDS:228875,TCU,2022,Big 12,34,47,66,97,16,8,0.6667,38,22,0.6333,19,10,0.6552,19,7,0.7308,11,11,0.5,8,4,0.6667,9,18,0.3333,8,3,0.7273,4,0,1.0,17,1,0.9444
IPEDS:199193,North Carolina State,2022,ACC,35,35,54,190,14,15,0.4828,36,21,0.6316,19,5,0.7917,22,10,0.6875,11,10,0.5238,3,1,0.75,13,15,0.4643,7,2,0.7778,6,4,0.6,10,0,1.0
IPEDS:159647,Louisiana Tech,2022,Conference USA,36,59,64,106,20,10,0.6667,43,21,0.6719,18,8,0.6923,24,8,0.75,14,11,0.56,5,2,0.7143,11,7,0.6111,7,9,0.4375,4,1,0.8,21,4,0.84
IPEDS:218973,Wofford,2022,Southern,37,104,45,107,16,4,0.8,42,16,0.7241,24,10,0.7059,25,4,0.8621,15,7,0.6818,2,5,0.2857,2,4,0.3333,12,6,0.6667,7,2,0.7778,21,4,0.84
IPEDS:190150,Columbia,2022,Ivy League,38,84,44,30,17,4,0.8095,32,18,0.64,11,11,0.5,15,2,0.8824,15,16,0.4839,2,0,1.0,2,2,0.5,7,9,0.4375,7,2,0.7778,16,5,0.7619
IPEDS:217882,Clemson,2022,ACC,39,20,26,100,13,16,0.4483,35,23,0.6034,22,5,0.8148,26,8,0.7647,6,12,0.3333,3,3,0.5,13,18,0.4194,4,4,0.5,11,1,0.9167,7,0,1.0
IPEDS:229027,UTSA,2022,Conference USA,40,68,71,185,19,11,0.6333,38,20,0.6552,16,8,0.6667,21,6,0.7778,16,13,0.5517,1,1,0.5,9,10,0.4737,9,5,0.6429,1,1,0.5,19,4,0.8261
IPEDS:232557,Liberty,2022,ASUN,41,44,34,14,19,11,0.6333,37,23,0.6167,14,9,0.6087,20,8,0.7143,14,12,0.5385,3,3,0.5,3,8,0.2727,11,8,0.5789,10,6,0.625,13,1,0.9286
IPEDS:229115,Texas Tech,2022,Big 12,42,55,53,134,15,9,0.625,39,22,0.6393,21,9,0.7,21,5,0.8077,14,9,0.6087,4,8,0.3333,11,13,0.4583,9,5,0.6429,2,1,0.6667,17,3,0.85
IPEDS:186380,Rutgers,2022,Big Ten,43,150,51,241,17,7,0.7083,44,15,0.7458,24,7,0.7742,19,5,0.7917,22,9,0.7097,3,1,0.75,1,3,0.25,7,5,0.5833,14,3,0.8235,22,4,0.8462
IPEDS:104179,Arizona,2022,Pac-12,44,33,32,57,16,14,0.5333,39,25,0.6094,19,7,0.7308,20,11,0.6452,13,10,0.5652,6,4,0.6,9,10,0.4737,14,8,0.6364,5,6,0.4545,10,1,0.9091
IPEDS:100751,Alabama,2022,SEC,45,2,58,79,12,17,0.4138,31,27,0.5345,17,8,0.68,22,11,0.6667,7,14,0.3333,2,2,0.5,13,18,0.4194,6,5,0.5455,3,2,0.6,9,2,0.8182
IPEDS:232982,Old Dominion,2022,Conference USA,46,73,55,200,19,11,0.6333,41,17,0.7069,19,4,0.8261,22,11,0.6667,16,4,0.8,3,2,0.6,8,7,0.5333,11,8,0.5789,3,0,1.0,19,2,0.9048
IPEDS:157085,Kentucky,2022,SEC,47,13,80,202,12,18,0.4,33,26,0.5593,18,6,0.75,23,11,0.6765,7,13,0.35,3,2,0.6,15,18,0.4545,3,4,0.4286,1,3,0.25,14,1,0.9333
IPEDS:110705,UC Santa Barbara,2022,Big West,48,160,56,91,27,3,0.9,44,14,0.7586,16,9,0.64,21,5,0.8077,20,8,0.7143,3,1,0.75,2,4,0.3333,10,4,0.7143,6,4,0.6,26,2,0.9286
IPEDS:238032,West Virginia,2022,Big 12,49,48,61,103,14,10,0.5833,32,22,0.5926,18,10,0.6429,16,6,0.7273,12,12,0.5,4,4,0.5,6,11,0.3529,13,6,0.6842,2,3,0.4,11,2,0.8462
IPEDS:122436,San Diego,2022,West Coast,50,62,36,21,17,10,0.6296,37,20,0.6491,15,8,0.6522,18,9,0.6667,14,10,0.5833,5,1,0.8333,8,7,0.5333,5,4,0.5556,8,5,0.6154,16,4,0.8
IPEDS:110662,UCLA,2022,Pac-12,51,52,96,140,19,11,0.6333,40,24,0.625,16,9,0.64,22,9,0.7097,11,11,0.5,7,4,0.6364,14,7,0.6667,9,9,0.5,11,6,0.6471,6,2,0.75
IPEDS:234030,VCU,2022,Atlantic 10,52,95,83,76,19,5,0.7917,42,20,0.6774,17,13,0.5667,20,8,0.7143,16,11,0.5926,6,1,0.8571,6,11,0.3529,3,3,0.5,1,0,1.0,32,6,0.8421
IPEDS:486840,Kennesaw State,2022,ASUN,53,34,62,11,19,11,0.6333,36,28,0.5625,13,13,0.5,18,9,0.6667,15,16,0.4839,3,3,0.5,6,12,0.3333,6,9,0.4,15,4,0.7895,9,3,0.75
IPEDS:160658,Louisiana,2022,Sun Belt,54,56,43,13,19,11,0.6333,37,23,0.6167,14,10,0.5833,19,8,0.7037,14,11,0.56,4,4,0.5,7,12,0.3684,10,6,0.625,4,2,0.6667,16,3,0.8421
IPEDS:104717,Grand Canyon,2022,Western Athletic,55,82,59,16,25,5,0.8333,41,21,0.6613,14,12,0.5385,17,10,0.6296,21,6,0.7778,3,5,0.375,7,6,0.5385,3,6,0.3333,7,2,0.7778,24,7,0.7742
IPEDS:215062,Penn,2022,Ivy League,56,137,49,83,17,4,0.8095,33,15,0.6875,15,9,0.625,17,5,0.7727,16,10,0.6154,0,0,,6,8,0.4286,2,0,1.0,4,2,0.6667,21,5,0.8077
IPEDS:170976,Michigan,2022,Big Ten,57,36,74,66,12,12,0.5,34,28,0.5484,16,13,0.5517,14,9,0.6087,11,15,0.4231,9,4,0.6923,8,13,0.381,5,6,0.4545,5,6,0.4545,16,3,0.8421
IPEDS:178396,Missouri,2022,SEC,58,31,33,232,10,20,0.3333,28,23,0.549,18,3,0.8571,17,8,0.68,9,15,0.375,2,0,1.0,6,19,0.24,5,2,0.7143,4,1,0.8,13,1,0.9286
IPEDS:198136,Campbell,2022,Big South,59,115,50,8,20,3,0.8696,41,19,0.6833,16,13,0.5517,17,9,0.6538,17,7,0.7083,7,3,0.7,6,10,0.375,4,3,0.5714,10,2,0.8333,21,4,0.84
IPEDS:140447,Mercer,2022,Southern,60,143,35,184,12,9,0.5714,40,18,0.6897,27,7,0.7941,24,5,0.8276,15,11,0.5769,1,2,0.3333,3,5,0.375,5,1,0.8333,10,6,0.625,22,6,0.7857
IPEDS:153658,Iowa,2022,Big Ten,61,107,86,155,17,7,0.7083,35,18,0.6604,15,9,0.625,15,6,0.7143,12,7,0.6316,8,5,0.6154,3,3,0.5,10,7,0.5882,8,4,0.6667,14,4,0.7778
IPEDS:206622,Xavier,2022,Big East,62,69,65,58,13,8,0.619,33,27,0.55,18,17,0.5143,12,4,0.75,19,17,0.5278,2,6,0.25,2,13,0.1333,5,3,0.625,13,5,0.7222,13,6,0.6842
IPEDS:219709,Belmont,2022,Ohio Valley,63,111,81,82,18,6,0.75,39,20,0.661,19,13,0.5938,21,10,0.6774,16,8,0.6667,2,2,0.5,1,5,0.1667,5,6,0.4545,13,3,0.8125,20,6,0.7692
IPEDS:169248,Central Michigan,2022,Mid-American,64,183,98,90,30,7,0.8108,42,19,0.6885,7,9,0.4375,18,2,0.9,21,13,0.6176,3,4,0.4286,1,6,0.1429,3,7,0.3,4,0,1.0,34,6,0.85
IPEDS:149222,Southern Illinois,2022,Missouri Valley,65,196,118,272,16,5,0.7619,44,16,0.7333,24,9,0.7273,23,7,0.7667,18,9,0.6667,3,0,1.0,3,1,0.75,11,4,0.7333,8,0,1.0,22,11,0.6667
IPEDS:220978,Middle Tennessee,2022,Conference USA,66,53,47,29,17,13,0.5667,29,26,0.5273,12,11,0.5217,9,10,0.4737,16,12,0.5714,4,4,0.5,6,11,0.3529,8,10,0.4444,3,1,0.75,12,4,0.75
IPEDS:217819,Charleston,2022,Colonial Athletic,67,120,119,142,19,5,0.7917,37,20,0.6491,17,13,0.5667,25,5,0.8333,11,13,0.4583,1,2,0.3333,4,5,0.4444,5,4,0.5556,12,4,0.75,16,7,0.6957
IPEDS:179557,Southeast Missouri,2022,Ohio Valley,68,133,70,150,16,8,0.6667,37,22,0.6271,18,11,0.6207,23,2,0.92,11,18,0.3793,3,2,0.6,3,6,0.3333,5,6,0.4545,7,7,0.5,22,3,0.88
IPEDS:218663,South Carolina,2022,SEC,69,11,132,113,13,17,0.4333,27,28,0.4909,14,10,0.5833,21,12,0.6364,4,14,0.2222,2,2,0.5,15,20,0.4286,3,5,0.375,1,1,0.5,8,2,0.8
IPEDS:215293,Pittsburgh,2022,ACC,70,38,139,216,13,16,0.4483,29,27,0.5179,14,10,0.5833,12,9,0.5714,10,11,0.4762,7,7,0.5,12,17,0.4138,1,0,1.0,7,3,0.7,9,7,0.5625
IPEDS:198385,Davidson,2022,Atlantic 10,71,215,90,242,20,4,0.8333,43,13,0.7679,22,7,0.7586,28,6,0.8235,13,5,0.7222,2,2,0.5,2,2,0.5,6,3,0.6667,3,2,0.6,32,6,0.8421
IPEDS:150136,Ball State,2022,Mid-American,72,164,91,39,32,7,0.8205,40,19,0.678,6,10,0.375,18,6,0.75,20,10,0.6667,2,3,0.4,1,5,0.1667,5,6,0.4545,3,2,0.6,31,6,0.8378
IPEDS:102094,South Alabama,2022,Sun Belt,73,71,63,61,17,13,0.5667,31,23,0.5741,14,9,0.6087,21,6,0.7778,10,15,0.4,0,2,0.0,3,11,0.2143,7,8,0.4667,4,3,0.5714,17,1,0.9444
IPEDS:236939,Washington State,2022,Pac-12,74,51,52,123,12,18,0.4,26,26,0.5,14,8,0.6364,12,7,0.6316,10,16,0.3846,4,3,0.5714,7,8,0.4667,2,9,0.1818,11,9,0.55,6,0,1.0
IPEDS:199139,Charlotte,2022,Conference USA,75,90,99,212,17,13,0.5667,36,22,0.6207,18,7,0.72,24,10,0.7059,10,9,0.5263,2,3,0.4,6,15,0.2857,10,3,0.7692,2,2,0.5,18,2,0.9
IPEDS:145637,Illinois,2022,Big Ten,76,110,151,188,17,7,0.7083,30,22,0.5769,13,13,0.5,15,4,0.7895,12,10,0.5455,3,8,0.2727,2,4,0.3333,4,6,0.4,8,5,0.6154,16,7,0.6957
IPEDS:225511,Houston,2022,American Athletic,77,105,75,115,13,11,0.5417,37,24,0.6066,21,11,0.6562,22,10,0.6875,11,9,0.55,4,5,0.4444,3,6,0.3333,5,7,0.4167,12,6,0.6667,17,5,0.7727
IPEDS:110635,California,2022,Pac-12,78,49,117,162,14,16,0.4667,29,27,0.5179,14,9,0.6087,16,13,0.5517,9,11,0.45,4,3,0.5714,5,13,0.2778,8,6,0.5714,6,4,0.6,10,4,0.7143
IPEDS:433660,FGCU,2022,ASUN,79,98,79,156,17,13,0.5667,35,23,0.6034,17,8,0.68,22,13,0.6286,13,10,0.5652,0,0,,2,9,0.1818,6,4,0.6,15,6,0.7143,12,4,0.75
IPEDS:150534,Evansville,2022,Missouri Valley,80,106,140,158,14,6,0.7,32,24,0.5714,16,16,0.5,17,9,0.6538,13,14,0.4815,2,1,0.6667,2,7,0.2222,7,6,0.5385,7,4,0.6364,16,7,0.6957
IPEDS:223232,Baylor,2022,Big 12,81,22,42,31,7,17,0.2917,26,28,0.4815,19,9,0.6786,20,12,0.625,4,13,0.2353,2,3,0.4,8,23,0.2581,2,2,0.5,7,2,0.7778,9,1,0.9
IPEDS:132903,UCF,2022,American Athletic,82,94,104,108,14,10,0.5833,35,25,0.5833,18,13,0.5806,18,14,0.5625,14,9,0.6087,3,2,0.6,4,8,0.3333,7,6,0.5385,8,5,0.6154,16,6,0.7273
IPEDS:182290,Nevada,2022,Mountain West,83,97,57,12,18,12,0.6,29,26,0.5273,10,12,0.4545,14,7,0.6667,14,17,0.4516,1,2,0.3333,2,7,0.2222,7,5,0.5833,3,2,0.6,17,12,0.5862
IPEDS:231624,William & Mary,2022,Colonial Athletic,84,86,76,63,14,10,0.5833,26,23,0.5306,12,11,0.5217,15,7,0.6818,11,15,0.4231,0,1,0.0,1,6,0.1429,3,7,0.3,7,9,0.4375,15,1,0.9375
IPEDS:133669,FAU,2022,Conference USA,85,116,176,238,19,11,0.6333,35,23,0.6034,15,10,0.6,23,11,0.6765,10,11,0.4762,2,1,0.6667,6,11,0.3529,6,8,0.4286,0,1,0.0,23,3,0.8846
IPEDS:160755,Tulane,2022,American Athletic,86,77,67,80,11,13,0.4583,33,26,0.5593,20,11,0.6452,20,12,0.625,11,12,0.4783,2,2,0.5,4,6,0.4,3,8,0.2727,8,8,0.5,18,4,0.8182
IPEDS:110653,UC Irvine,2022,Big West,87,118,22,10,16,14,0.5333,32,24,0.5714,16,10,0.6154,19,9,0.6786,13,15,0.4643,0,0,,3,5,0.375,10,10,0.5,5,3,0.625,14,6,0.7
IPEDS:181002,Creighton,2022,Big East,88,187,169,266,15,5,0.75,31,18,0.6327,15,11,0.5769,17,4,0.8095,12,12,0.5,2,2,0.5,0,6,0.0,3,7,0.3,5,1,0.8333,23,4,0.8519
IPEDS:100663,UAB,2022,Conference USA,89,89,37,105,13,17,0.4333,30,25,0.5455,17,6,0.7391,17,11,0.6071,13,13,0.5,0,1,0.0,6,8,0.4286,6,8,0.4286,3,2,0.6,15,7,0.6818
IPEDS:199218,UNCW,2022,Colonial Athletic,90,79,103,60,15,9,0.625,31,24,0.5636,16,13,0.5517,22,11,0.6667,9,12,0.4286,0,1,0.0,2,7,0.2222,7,7,0.5,12,9,0.5714,10,1,0.9091
IPEDS:209825,Portland,2022,West Coast,91,139,106,186,17,10,0.6296,32,23,0.5818,14,11,0.56,17,7,0.7083,14,13,0.5185,1,3,0.25,3,9,0.25,6,2,0.75,6,3,0.6667,17,9,0.6538
IPEDS:236948,Washington,2022,Pac-12,92,83,134,269,14,16,0.4667,30,26,0.5357,16,8,0.6667,18,10,0.6429,12,14,0.4615,0,2,0.0,2,12,0.1429,10,5,0.6667,8,6,0.5714,10,3,0.7692
NCAA:air-force,Air Force,2022,Mountain West,93,102,78,56,15,15,0.5,32,29,0.5246,12,12,0.5,13,8,0.619,11,17,0.3929,8,4,0.6667,3,5,0.375,4,6,0.4,6,5,0.5455,19,13,0.5938
IPEDS:199148,UNCG,2022,Southern,94,76,161,130,12,9,0.5714,34,30,0.5312,16,18,0.4706,16,14,0.5333,12,13,0.48,6,3,0.6667,3,10,0.2308,6,9,0.4,7,6,0.5385,18,5,0.7826
IPEDS:179566,Missouri State,2022,Missouri Valley,95,70,77,69,8,13,0.381,31,29,0.5167,17,13,0.5667,17,13,0.5667,12,14,0.4615,2,2,0.5,1,6,0.1429,10,13,0.4348,5,6,0.4545,15,4,0.7895
IPEDS:110608,Cal State Northridge,2022,Big West,96,179,46,120,17,13,0.5667,32,22,0.5926,15,9,0.625,14,7,0.6667,18,15,0.5455,0,0,,1,5,0.1667,4,7,0.3636,3,6,0.3333,24,4,0.8571
IPEDS:139940,Georgia State,2022,Sun Belt,97,72,92,84,15,15,0.5,29,27,0.5179,14,11,0.56,18,11,0.6207,11,14,0.44,0,2,0.0,6,12,0.3333,4,10,0.2857,2,1,0.6667,17,4,0.8095
IPEDS:155399,Kansas State,2022,Big 12,98,60,102,199,8,16,0.3333,29,29,0.5,19,11,0.6333,21,7,0.75,6,17,0.2609,2,5,0.2857,6,19,0.24,5,4,0.5556,2,0,1.0,16,6,0.7273
IPEDS:110422,Cal Poly,2022,Big West,99,172,143,126,22,8,0.7333,37,21,0.6379,15,13,0.5357,21,11,0.6562,14,9,0.6087,2,1,0.6667,0,4,0.0,9,6,0.6,10,7,0.5882,18,4,0.8182
IPEDS:102368,Troy,2022,Sun Belt,100,130,68,127,15,15,0.5,32,24,0.5714,16,8,0.6667,19,10,0.6552,12,13,0.48,1,1,0.5,2,10,0.1667,9,4,0.6923,7,4,0.6364,14,6,0.7
IPEDS:230038,BYU,2022,West Coast,101,177,97,234,16,11,0.5926,33,21,0.6111,17,9,0.6538,15,7,0.6818,15,9,0.625,3,5,0.375,3,6,0.3333,2,2,0.5,11,3,0.7857,17,10,0.6296
IPEDS:104151,Arizona State,2022,Pac-12,102,32,162,95,13,17,0.4333,26,32,0.4483,12,13,0.48,19,13,0.5938,6,16,0.2727,1,3,0.25,5,13,0.2778,7,12,0.3684,7,5,0.5833,7,2,0.7778
IPEDS:198419,Duke,2022,ACC,103,17,179,141,10,20,0.3333,22,32,0.4074,12,12,0.5,17,16,0.5152,5,16,0.2381,0,0,,10,22,0.3125,3,7,0.3,1,0,1.0,8,3,0.7273
IPEDS:207582,Oral Roberts,2022,The Summit League,104,209,73,98,17,7,0.7083,38,20,0.6552,18,11,0.6207,21,9,0.7,17,8,0.68,0,3,0.0,3,9,0.25,4,0,1.0,3,4,0.4286,28,7,0.8
IPEDS:151351,Indiana,2022,Big Ten,105,57,105,74,10,14,0.4167,27,32,0.4576,15,16,0.4839,15,9,0.625,8,19,0.2963,4,4,0.5,2,11,0.1538,11,14,0.44,4,2,0.6667,10,5,0.6667
IPEDS:176080,Mississippi State,2022,SEC,106,41,174,275,9,21,0.3,26,30,0.4643,17,9,0.6538,18,14,0.5625,7,12,0.3684,1,4,0.2,9,22,0.2903,3,4,0.4286,1,3,0.25,13,1,0.9286
IPEDS:217165,Bryant,2022,Northeast,107,136,121,92,17,10,0.6296,30,27,0.5263,10,15,0.4,15,5,0.75,12,20,0.375,3,2,0.6,3,5,0.375,0,3,0.0,5,7,0.4167,22,12,0.6471
IPEDS:160612,Southeastern Louisiana,2022,Southland,108,63,135,7,14,10,0.5833,30,31,0.4918,10,17,0.3704,21,12,0.6364,9,18,0.3333,0,1,0.0,3,7,0.3,3,7,0.3,9,5,0.6429,15,12,0.5556
IPEDS:151324,Indiana State,2022,Missouri Valley,109,119,89,143,10,10,0.5,26,22,0.5417,15,10,0.6,13,7,0.65,6,10,0.375,7,5,0.5833,2,3,0.4,6,10,0.375,3,5,0.375,15,4,0.7895
IPEDS:230764,Utah,2022,Pac-12,110,96,107,264,10,20,0.3333,26,27,0.4906,16,7,0.6957,12,12,0.5,13,15,0.4643,1,0,1.0,3,9,0.25,6,9,0.4,5,5,0.5,12,4,0.75
IPEDS:182281,UNLV,2022,Mountain West,111,189,165,205,21,9,0.7,36,22,0.6207,15,11,0.5769,18,12,0.6,15,6,0.7143,3,4,0.4286,2,0,1.0,6,8,0.4286,5,4,0.5556,23,10,0.697
IPEDS:232423,James Madison,2022,Colonial Athletic,112,127,137,175,12,11,0.5217,27,26,0.5094,15,15,0.5,17,7,0.7083,10,19,0.3448,0,0,,1,8,0.1111,4,5,0.4444,4,5,0.4444,18,8,0.6923
IPEDS:123961,USC,2022,Pac-12,113,58,69,159,8,22,0.2667,25,28,0.4717,17,6,0.7391,18,15,0.5455,7,13,0.35,0,0,,5,10,0.3333,6,8,0.4286,3,8,0.2727,11,2,0.8462
IPEDS:141574,Hawaii,2022,Big West,114,123,130,17,19,11,0.6333,28,24,0.5385,9,13,0.4091,13,14,0.4815,12,8,0.6,3,2,0.6,3,8,0.2727,6,7,0.4615,4,5,0.4444,15,4,0.7895
IPEDS:156620,Eastern Kentucky,2022,ASUN,115,248,100,191,20,10,0.6667,37,20,0.6491,14,9,0.6087,21,6,0.7778,13,13,0.5,3,1,0.75,1,3,0.25,1,3,0.25,4,6,0.4,31,8,0.7949
IPEDS:227881,Sam Houston State,2022,Western Athletic,116,145,183,85,21,9,0.7,31,25,0.5536,10,14,0.4167,19,10,0.6552,11,12,0.4783,1,3,0.25,2,6,0.25,1,4,0.2,5,7,0.4167,23,8,0.7419
IPEDS:218742,South Carolina Upstate,2022,Big South,117,205,128,122,17,6,0.7391,35,22,0.614,17,14,0.5484,22,8,0.7333,12,11,0.5217,1,3,0.25,0,5,0.0,3,8,0.2727,5,2,0.7143,27,7,0.7941
IPEDS:167358,Northeastern,2022,Colonial Athletic,118,147,114,215,10,14,0.4167,31,29,0.5167,18,13,0.5806,11,8,0.5789,14,14,0.5,6,7,0.4615,5,3,0.625,4,8,0.3333,8,10,0.4444,14,8,0.6364
IPEDS:110361,California Baptist,2022,Western Athletic,119,238,101,250,18,12,0.6,36,20,0.6429,18,8,0.6923,23,8,0.7419,13,12,0.52,0,0,,0,3,0.0,2,8,0.2,5,2,0.7143,29,7,0.8056
IPEDS:191649,Hofstra,2022,Colonial Athletic,120,180,228,273,15,9,0.625,30,23,0.566,11,12,0.4783,14,9,0.6087,13,13,0.5,3,1,0.75,0,3,0.0,6,4,0.6,11,6,0.6471,13,10,0.5652
IPEDS:197869,Appalachian State,2022,Sun Belt,121,46,82,19,10,20,0.3333,20,33,0.3774,9,12,0.4286,8,14,0.3636,11,17,0.3929,1,2,0.3333,1,12,0.0769,10,16,0.3846,0,1,0.0,9,4,0.6923
IPEDS:102049,Samford,2022,Southern,122,92,177,139,12,9,0.5714,28,29,0.4912,14,18,0.4375,16,13,0.5517,9,13,0.4091,3,3,0.5,3,8,0.2727,7,9,0.4375,6,1,0.8571,12,11,0.5217
IPEDS:204857,Ohio,2022,Mid-American,123,185,60,73,21,15,0.5833,29,24,0.5472,8,7,0.5333,16,5,0.7619,12,18,0.4,1,1,0.5,1,0,1.0,3,8,0.2727,2,4,0.3333,23,12,0.6571
IPEDS:226091,Lamar,2022,Western Athletic,124,241,145,276,20,10,0.6667,37,21,0.6379,16,9,0.64,19,8,0.7037,16,11,0.5926,2,2,0.5,1,1,0.5,1,3,0.25,6,6,0.5,29,11,0.725
IPEDS:134945,Jacksonville,2022,ASUN,125,101,112,179,13,16,0.4483,27,28,0.4909,14,9,0.6087,17,11,0.6071,10,14,0.4167,0,3,0.0,4,7,0.3636,7,10,0.4118,3,4,0.4286,13,7,0.65
IPEDS:130794,Yale,2022,Ivy League,126,162,39,70,10,11,0.4762,20,18,0.5263,10,7,0.5882,10,6,0.625,10,12,0.4545,0,0,,1,6,0.1429,3,4,0.4286,4,3,0.5714,12,5,0.7059
IPEDS:221847,Tennessee Tech,2022,Ohio Valley,127,144,125,193,11,13,0.4583,30,27,0.5263,16,12,0.5714,14,10,0.5833,10,14,0.4167,6,3,0.6667,1,3,0.25,5,7,0.4167,6,9,0.4,18,8,0.6923
IPEDS:204796,Ohio State,2022,Big Ten,128,54,109,52,8,14,0.3636,21,30,0.4118,13,16,0.4483,10,12,0.4545,7,15,0.3182,4,3,0.5714,1,10,0.0909,2,9,0.1818,7,5,0.5833,11,6,0.6471
IPEDS:200332,North Dakota State,2022,The Summit League,129,276,72,104,17,5,0.7727,30,19,0.6122,12,12,0.5,5,1,0.8333,19,15,0.5588,6,3,0.6667,0,3,0.0,1,1,0.5,6,3,0.6667,23,12,0.6571
IPEDS:122931,Santa Clara,2022,West Coast,130,81,87,51,11,16,0.4074,24,29,0.4528,13,13,0.5,16,9,0.64,8,20,0.2857,0,0,,2,12,0.1429,3,4,0.4286,3,7,0.3,16,6,0.7273
IPEDS:192448,Long Island,2022,Northeast,131,255,115,249,18,9,0.6667,37,21,0.6379,16,9,0.64,14,5,0.7368,16,9,0.64,7,7,0.5,0,2,0.0,1,3,0.25,10,7,0.5882,26,9,0.7429
IPEDS:201885,Cincinnati,2022,American Athletic,132,65,203,128,12,12,0.5,24,31,0.4364,11,17,0.3929,14,12,0.5385,9,15,0.375,1,4,0.2,1,8,0.1111,9,10,0.4737,5,4,0.5556,9,9,0.5
IPEDS:110583,Long Beach State,2022,Big West,133,126,110,33,17,13,0.5667,29,27,0.5179,12,14,0.4615,18,13,0.5806,11,14,0.44,0,0,,3,7,0.3,5,6,0.4545,9,4,0.6923,12,10,0.5455
IPEDS:220075,East Tennessee State,2022,Southern,134,203,155,271,11,10,0.5238,30,21,0.5882,19,10,0.6552,22,6,0.7857,8,14,0.3636,0,1,0.0,0,5,0.0,2,7,0.2222,2,4,0.3333,26,5,0.8387
IPEDS:243780,Purdue,2022,Big Ten,135,181,156,288,9,12,0.4286,29,21,0.58,20,7,0.7407,13,9,0.5909,5,10,0.3333,11,2,0.8462,0,3,0.0,4,10,0.2857,4,4,0.5,21,4,0.84
IPEDS:164924,Boston College,2022,ACC,136,39,129,252,5,25,0.1667,19,34,0.3585,14,9,0.6087,10,14,0.4167,9,19,0.3214,0,1,0.0,5,24,0.1724,1,2,0.3333,3,1,0.75,10,7,0.5882
IPEDS:121150,Pepperdine,2022,West Coast,137,103,93,68,12,15,0.4444,24,26,0.48,12,11,0.5217,13,13,0.5,11,11,0.5,0,2,0.0,4,7,0.3636,3,5,0.375,1,8,0.1111,16,6,0.7273
IPEDS:131496,Georgetown,2022,Big East,138,211,123,265,11,10,0.5238,32,24,0.5714,21,12,0.6364,19,5,0.7917,10,16,0.3846,3,3,0.5,3,6,0.3333,2,7,0.2222,1,0,1.0,26,11,0.7027
IPEDS:159939,New Orleans,2022,Southland,139,176,113,161,13,11,0.5417,30,23,0.566,15,10,0.6,18,10,0.6429,10,13,0.4348,2,0,1.0,3,4,0.4286,1,3,0.25,0,5,0.0,26,11,0.7027
IPEDS:227368,UTRGV,2022,Western Athletic,140,207,94,180,17,13,0.5667,33,25,0.569,15,10,0.6,18,8,0.6923,12,15,0.4444,3,2,0.6,1,3,0.25,1,2,0.3333,7,5,0.5833,24,15,0.6154
IPEDS:144892,Eastern Illinois,2022,Ohio Valley,141,267,136,300,12,12,0.5,30,20,0.6,18,7,0.72,6,6,0.5,24,13,0.6486,0,1,0.0,0,0,,3,4,0.4286,4,3,0.5714,23,13,0.6389
IPEDS:219976,Lipscomb,2022,ASUN,142,232,127,187,20,10,0.6667,35,23,0.6034,14,10,0.5833,18,10,0.6429,16,10,0.6154,1,3,0.25,1,6,0.1429,3,6,0.3333,7,1,0.875,24,10,0.7059
IPEDS:206604,Wright State,2022,Horizon League,143,195,144,26,20,9,0.6897,30,27,0.5263,7,16,0.3043,16,7,0.6957,14,18,0.4375,0,2,0.0,1,9,0.1,1,2,0.3333,2,4,0.3333,26,12,0.6842
IPEDS:137546,Stetson,2022,ASUN,144,85,88,112,10,20,0.3333,26,29,0.4727,16,9,0.64,19,15,0.5588,7,14,0.3333,0,0,,7,8,0.4667,1,12,0.0769,3,3,0.5,15,6,0.7143
IPEDS:156125,Wichita State,2022,American Athletic,145,42,146,27,9,15,0.375,21,36,0.3684,12,19,0.3871,11,16,0.4074,5,18,0.2174,5,2,0.7143,3,11,0.2143,9,13,0.4091,2,4,0.3333,7,8,0.4667
IPEDS:149231,SIUE,2022,Ohio Valley,146,142,152,177,12,12,0.5,27,28,0.4909,13,14,0.4815,17,9,0.6538,8,17,0.32,2,2,0.5,0,0,,2,15,0.1176,5,5,0.5,20,8,0.7143
IPEDS:129242,Fairfield,2022,MAAC,147,256,163,208,18,5,0.7826,31,21,0.5962,13,14,0.4815,15,4,0.7895,14,12,0.5385,2,5,0.2857,0,0,,1,5,0.1667,2,5,0.2857,28,11,0.7179
IPEDS:214777,Penn State,2022,Big Ten,148,117,188,210,11,13,0.4583,26,29,0.4727,14,14,0.5,13,10,0.5652,6,12,0.3333,7,7,0.5,3,9,0.25,2,4,0.3333,4,6,0.4,17,10,0.6296
IPEDS:198516,Elon,2022,Colonial Athletic,149,88,122,77,9,14,0.3913,27,28,0.4909,16,12,0.5714,19,20,0.4872,7,8,0.4667,1,0,1.0,0,7,0.0,7,8,0.4667,4,9,0.3077,16,4,0.8
IPEDS:166027,Harvard,2022,Ivy League,150,167,108,118,10,11,0.4762,19,22,0.4634,9,11,0.45,5,8,0.3846,14,14,0.5,0,0,,1,5,0.1667,4,6,0.4,1,3,0.25,13,8,0.619
IPEDS:206084,Toledo,2022,Mid-American,151,244,84,189,23,16,0.5897,33,25,0.569,9,7,0.5625,17,6,0.7391,15,16,0.4839,1,3,0.25,0,0,,3,10,0.2308,5,4,0.5556,25,11,0.6944
IPEDS:222178,Abilene Christian,2022,Western Athletic,152,149,141,99,14,16,0.4667,30,29,0.5085,12,11,0.5217,13,18,0.4194,13,9,0.5909,4,2,0.6667,2,2,0.5,2,4,0.3333,7,16,0.3043,19,7,0.7308
IPEDS:192819,Marist,2022,MAAC,153,285,120,260,17,5,0.7727,29,17,0.6304,12,10,0.5455,11,2,0.8462,17,12,0.5862,1,3,0.25,1,3,0.25,0,0,,1,3,0.25,27,11,0.7105
IPEDS:143358,Bradley,2022,Missouri Valley,154,109,205,148,11,10,0.5238,20,29,0.4082,9,17,0.3462,8,7,0.5333,8,16,0.3333,4,6,0.4,2,2,0.5,4,14,0.2222,5,6,0.4545,9,7,0.5625
IPEDS:137351,South Florida,2022,American Athletic,155,113,131,181,8,16,0.3333,28,29,0.4912,20,11,0.6452,21,16,0.5676,7,11,0.3889,0,2,0.0,1,6,0.1429,6,13,0.3158,6,4,0.6,15,6,0.7143
NCAA:army-west-point,Army,2022,Patriot League,156,229,158,101,18,7,0.72,31,25,0.5536,9,15,0.375,18,5,0.7826,11,15,0.4231,2,5,0.2857,0,9,0.0,1,4,0.2,2,3,0.4,28,9,0.7568
IPEDS:122612,San Francisco,2022,West Coast,157,135,180,176,14,13,0.5185,28,29,0.4912,14,15,0.4828,20,12,0.625,8,15,0.3478,0,2,0.0,4,10,0.2857,3,3,0.5,5,7,0.4167,16,9,0.64
IPEDS:155317,Kansas,2022,Big 12,158,64,133,195,4,20,0.1667,20,35,0.3636,16,15,0.5161,8,12,0.4,8,20,0.2857,4,3,0.5714,2,16,0.1111,6,9,0.4,3,5,0.375,9,5,0.6429
IPEDS:157386,Morehead State,2022,Ohio Valley,159,161,208,214,14,10,0.5833,27,27,0.5,13,16,0.4483,17,10,0.6296,10,16,0.3846,0,1,0.0,0,2,0.0,2,11,0.1538,8,6,0.5714,17,8,0.68
IPEDS:182670,Dartmouth,2022,Ivy League,160,221,232,235,14,7,0.6667,21,19,0.525,7,12,0.3684,9,5,0.6429,11,10,0.5238,1,4,0.2,3,3,0.5,1,2,0.3333,4,3,0.5714,13,11,0.5417
IPEDS:128771,Central Connecticut,2022,Northeast,161,273,85,247,17,10,0.6296,29,18,0.617,11,6,0.6471,12,6,0.6667,12,10,0.5455,5,2,0.7143,0,1,0.0,0,3,0.0,2,10,0.1667,27,4,0.871
IPEDS:147767,Northwestern,2022,Big Ten,162,155,148,206,10,14,0.4167,23,27,0.46,13,13,0.5,12,8,0.6,10,18,0.3571,1,1,0.5,1,3,0.25,4,7,0.3636,7,13,0.35,11,4,0.7333
IPEDS:215770,Saint Joseph's,2022,Atlantic 10,163,227,154,254,12,11,0.5217,29,25,0.537,16,12,0.5714,12,11,0.5217,16,12,0.5714,1,2,0.3333,0,2,0.0,1,7,0.125,3,4,0.4286,25,12,0.6757
IPEDS:136172,North Florida,2022,ASUN,164,66,196,111,11,18,0.3793,22,33,0.4,10,14,0.4167,15,17,0.4688,6,15,0.2857,1,1,0.5,1,10,0.0909,7,11,0.3889,7,9,0.4375,7,3,0.7
IPEDS:159717,McNeese,2022,Southland,165,212,217,233,15,9,0.625,34,23,0.5965,15,12,0.5556,26,16,0.619,8,7,0.5333,0,0,,2,3,0.4,1,4,0.2,6,7,0.4615,25,9,0.7353
IPEDS:181464,Nebraska,2022,Big Ten,166,114,181,149,10,14,0.4167,23,30,0.434,13,16,0.4483,13,13,0.5,8,14,0.3636,2,3,0.4,0,6,0.0,4,8,0.3333,8,8,0.5,11,8,0.5789
IPEDS:161253,Maine,2022,America East,167,245,201,168,21,9,0.7,26,22,0.5417,5,11,0.3125,11,6,0.6471,13,12,0.52,2,4,0.3333,0,3,0.0,0,0,,3,6,0.3333,23,13,0.6389
IPEDS:196097,Stony Brook,2022,America East,168,236,257,217,21,9,0.7,27,25,0.5192,6,16,0.2727,14,7,0.6667,13,18,0.4194,0,0,,0,3,0.0,0,0,,1,3,0.25,26,19,0.5778
IPEDS:122755,San Jose State,2022,Mountain West,169,194,215,240,16,14,0.5333,30,29,0.5085,12,13,0.48,19,10,0.6552,9,17,0.3462,2,2,0.5,0,0,,7,12,0.3684,2,10,0.1667,21,7,0.75
IPEDS:189705,Canisius,2022,MAAC,170,262,173,230,15,9,0.625,29,25,0.537,10,14,0.4167,9,5,0.6429,14,17,0.4516,6,3,0.6667,0,6,0.0,2,2,0.5,0,2,0.0,27,15,0.6429
IPEDS:171100,Michigan State,2022,Big Ten,171,153,124,172,8,16,0.3333,24,30,0.4444,16,14,0.5333,12,8,0.6,7,18,0.28,5,4,0.5556,2,3,0.4,2,11,0.1538,5,6,0.4545,15,10,0.6
IPEDS:186283,Rider,2022,MAAC,172,250,149,209,12,10,0.5455,28,26,0.5185,13,14,0.4815,8,7,0.5333,14,16,0.4667,6,3,0.6667,0,4,0.0,2,0,1.0,4,3,0.5714,22,19,0.5366
IPEDS:101480,Jacksonville State,2022,ASUN,173,173,199,49,19,11,0.6333,27,28,0.4909,7,16,0.3043,13,17,0.4333,13,10,0.5652,1,1,0.5,2,8,0.2,0,8,0.0,8,8,0.5,17,4,0.8095
IPEDS:216597,Villanova,2022,Big East,174,151,182,192,8,12,0.4,19,29,0.3958,11,17,0.3929,9,6,0.6,9,23,0.2812,1,0,1.0,1,4,0.2,1,9,0.1,1,5,0.1667,16,11,0.5926
IPEDS:130943,Delaware,2022,Colonial Athletic,175,159,153,224,8,15,0.3478,25,26,0.4902,17,11,0.6071,18,11,0.6207,6,13,0.3158,1,2,0.3333,2,1,0.6667,3,10,0.2308,5,8,0.3846,15,7,0.6818
IPEDS:232186,George Mason,2022,Atlantic 10,176,125,239,164,13,11,0.5417,23,33,0.4107,9,20,0.3103,13,12,0.52,8,19,0.2963,2,2,0.5,1,6,0.1429,2,8,0.2,1,4,0.2,19,15,0.5588
IPEDS:230171,Dixie State,2022,Western Athletic,177,141,138,24,14,16,0.4667,22,33,0.4,8,17,0.32,11,11,0.5,11,22,0.3333,0,0,,0,4,0.0,1,9,0.1,8,8,0.5,13,12,0.52
IPEDS:159966,Nicholls,2022,Southland,178,184,198,221,12,12,0.5,25,25,0.5,12,11,0.5217,16,12,0.5714,8,12,0.4,1,1,0.5,1,1,0.5,2,6,0.25,7,3,0.7,15,15,0.5
IPEDS:159993,ULM,2022,Sun Belt,179,80,142,59,9,20,0.3103,20,35,0.3636,10,14,0.4167,11,17,0.3929,8,17,0.32,1,1,0.5,1,10,0.0909,5,13,0.2778,1,5,0.1667,13,7,0.65
IPEDS:225399,Houston Baptist,2022,Southland,180,74,193,44,11,13,0.4583,18,36,0.3333,7,21,0.25,9,13,0.4091,9,22,0.2903,0,1,0.0,0,9,0.0,0,2,0.0,5,10,0.3333,13,15,0.4643
IPEDS:202480,Dayton,2022,Atlantic 10,181,228,95,165,10,14,0.4167,23,27,0.46,13,13,0.5,9,7,0.5625,14,20,0.4118,0,0,,0,1,0.0,5,10,0.3333,2,3,0.4,16,13,0.5517
IPEDS:110617,Sacramento State,2022,Western Athletic,182,252,224,285,17,13,0.5667,32,26,0.5517,13,11,0.5417,15,13,0.5357,15,11,0.5769,2,2,0.5,0,0,,2,6,0.25,7,2,0.7778,23,18,0.561
IPEDS:225627,Incarnate Word,2022,Southland,183,122,160,72,9,15,0.375,21,31,0.4038,10,14,0.4167,16,8,0.6667,3,23,0.1154,2,0,1.0,2,7,0.2222,1,3,0.25,3,5,0.375,15,16,0.4839
IPEDS:200004,Western Carolina,2022,Southern,184,154,212,226,9,11,0.45,26,31,0.4561,16,18,0.4706,14,16,0.4667,8,11,0.4211,4,4,0.5,1,3,0.25,6,9,0.4,3,7,0.3,16,12,0.5714
IPEDS:224147,Texas A&M-Corpus Christi,2022,Southland,185,208,166,231,10,14,0.4167,27,28,0.4909,16,12,0.5714,17,12,0.5862,10,15,0.4,0,1,0.0,0,4,0.0,1,0,1.0,7,9,0.4375,19,15,0.5588
IPEDS:145813,Illinois State,2022,Missouri Valley,186,157,170,237,7,14,0.3333,20,31,0.3922,13,16,0.4483,9,9,0.5,11,22,0.3333,0,0,,3,3,0.5,4,9,0.3077,2,7,0.2222,11,12,0.4783
IPEDS:100724,Alabama State,2022,SWAC,187,279,242,218,21,8,0.7241,34,25,0.5763,9,15,0.375,20,6,0.7692,9,17,0.3462,5,2,0.7143,0,5,0.0,1,6,0.1429,0,3,0.0,33,11,0.75
IPEDS:117946,Loyola-Marymount,2022,West Coast,188,108,271,136,14,13,0.5185,20,34,0.3704,5,19,0.2083,11,16,0.4074,8,16,0.3333,1,2,0.3333,2,7,0.2222,5,10,0.3333,5,10,0.3333,8,7,0.5333
IPEDS:106245,Little Rock,2022,Sun Belt,189,156,184,255,11,18,0.3793,24,27,0.4706,13,8,0.619,20,11,0.6452,4,15,0.2105,0,1,0.0,2,10,0.1667,4,8,0.3333,3,5,0.375,15,4,0.7895
IPEDS:187985,New Mexico,2022,Mountain West,190,134,150,124,10,20,0.3333,21,33,0.3889,11,13,0.4583,11,13,0.4583,10,16,0.3846,0,4,0.0,2,7,0.2222,4,9,0.3077,3,6,0.3333,12,11,0.5217
IPEDS:166513,UMass-Lowell,2022,America East,191,242,164,194,15,15,0.5,28,30,0.4828,10,13,0.4348,13,7,0.65,11,21,0.3438,4,2,0.6667,0,1,0.0,3,5,0.375,3,3,0.5,22,21,0.5116
IPEDS:110556,Fresno State,2022,Mountain West,192,199,220,213,15,15,0.5,27,28,0.4909,12,13,0.48,16,16,0.5,11,10,0.5238,0,2,0.0,0,1,0.0,9,8,0.5294,3,7,0.3,15,12,0.5556
IPEDS:186584,Seton Hall,2022,Big East,193,78,191,78,7,13,0.35,18,35,0.3396,11,22,0.3333,12,12,0.5,6,21,0.2222,0,2,0.0,2,12,0.1429,3,11,0.2143,1,2,0.3333,12,10,0.5455
IPEDS:110565,Cal State Fullerton,2022,Big West,194,124,190,34,14,16,0.4667,22,33,0.4,8,17,0.32,16,14,0.5333,6,19,0.24,0,0,,3,8,0.2727,5,11,0.3125,3,9,0.25,11,5,0.6875
IPEDS:198695,High Point,2022,Big South,195,152,194,50,14,10,0.5833,23,33,0.4107,9,21,0.3,12,14,0.4615,11,16,0.4074,0,3,0.0,1,7,0.125,5,4,0.5556,4,10,0.2857,13,12,0.52
IPEDS:220862,Memphis,2022,American Athletic,196,190,238,289,9,15,0.375,26,29,0.4727,16,12,0.5714,13,18,0.4194,12,9,0.5714,1,2,0.3333,0,4,0.0,5,10,0.3333,8,7,0.5333,13,8,0.619
IPEDS:185828,NJIT,2022,America East,197,261,159,248,15,15,0.5,26,27,0.4906,8,10,0.4444,7,8,0.4667,16,16,0.5,3,3,0.5,0,6,0.0,0,0,,0,0,,26,21,0.5532
IPEDS:203517,Kent State,2022,Mid-American,198,213,126,15,19,19,0.5,24,29,0.4528,5,10,0.3333,10,14,0.4167,14,14,0.5,0,1,0.0,2,8,0.2,2,5,0.2857,1,4,0.2,19,12,0.6129
IPEDS:166629,UMass,2022,Atlantic 10,199,240,157,280,8,16,0.3333,22,26,0.4583,14,10,0.5833,9,7,0.5625,12,17,0.4138,1,2,0.3333,0,1,0.0,0,6,0.0,4,5,0.4444,18,14,0.5625
IPEDS:237525,Marshall,2022,Conference USA,200,121,192,197,9,21,0.3,20,34,0.3704,11,13,0.4583,8,16,0.3333,7,15,0.3182,5,3,0.625,2,10,0.1667,2,10,0.1667,5,7,0.4167,11,7,0.6111
IPEDS:110680,UC San Diego,2022,Big West,201,163,195,147,13,17,0.4333,24,32,0.4286,11,15,0.4231,14,16,0.4667,10,14,0.4167,0,2,0.0,2,10,0.1667,5,9,0.3571,3,7,0.3,14,6,0.7
IPEDS:230737,Utah Valley,2022,Western Athletic,202,138,172,152,10,20,0.3333,18,37,0.3273,8,17,0.32,7,10,0.4118,11,27,0.2895,0,0,,1,3,0.25,1,10,0.0909,5,7,0.4167,11,17,0.3929
IPEDS:123554,Saint Mary's College,2022,West Coast,203,222,197,282,9,18,0.3333,25,30,0.4545,16,12,0.5714,14,11,0.56,11,19,0.3667,0,0,,3,9,0.25,1,9,0.1,5,4,0.5556,16,8,0.6667
IPEDS:227757,Rice,2022,Conference USA,204,61,211,54,9,21,0.3,17,39,0.3036,8,18,0.3077,9,25,0.2647,8,14,0.3636,0,0,,1,15,0.0625,2,16,0.1111,4,5,0.4444,10,3,0.7692
IPEDS:217484,Rhode Island,2022,Atlantic 10,205,140,226,48,14,10,0.5833,20,35,0.3636,6,23,0.2069,12,10,0.5455,8,23,0.2581,0,2,0.0,1,9,0.1,1,8,0.1111,1,5,0.1667,17,13,0.5667
IPEDS:145600,UIC,2022,Horizon League,206,254,168,145,14,11,0.56,22,25,0.4681,8,13,0.381,8,8,0.5,14,15,0.4828,0,2,0.0,0,4,0.0,3,2,0.6,4,3,0.5714,15,16,0.4839
IPEDS:106704,Central Arkansas,2022,ASUN,207,201,250,93,18,12,0.6,24,29,0.4528,6,17,0.2609,15,13,0.5357,9,15,0.375,0,1,0.0,0,4,0.0,1,6,0.1429,6,8,0.4286,17,11,0.6071
IPEDS:185572,Monmouth,2022,MAAC,208,247,167,201,12,10,0.5455,24,27,0.4706,12,15,0.4444,12,4,0.75,7,18,0.28,5,5,0.5,1,3,0.25,0,3,0.0,4,2,0.6667,19,19,0.5
IPEDS:157401,Murray State,2022,Ohio Valley,209,266,230,296,11,13,0.4583,30,25,0.5455,19,11,0.6333,22,10,0.6875,8,14,0.3636,0,1,0.0,0,5,0.0,2,7,0.2222,6,4,0.6,22,9,0.7097
IPEDS:199111,UNC Asheville,2022,Big South,210,204,200,43,14,9,0.6087,21,29,0.42,6,18,0.25,12,8,0.6,8,19,0.2963,1,2,0.3333,0,6,0.0,0,4,0.0,2,7,0.2222,19,12,0.6129
IPEDS:196079,Binghamton,2022,America East,211,214,240,178,15,15,0.5,22,30,0.4231,4,13,0.2353,8,12,0.4,11,17,0.3929,3,1,0.75,1,7,0.125,0,0,,1,3,0.25,20,20,0.5
IPEDS:133650,Florida A&M,2022,SWAC,212,251,178,37,19,11,0.6333,29,30,0.4915,7,17,0.2917,11,12,0.4783,10,15,0.4,8,3,0.7273,0,2,0.0,1,7,0.125,1,4,0.2,27,17,0.6136
IPEDS:181394,Omaha,2022,The Summit League,213,223,187,183,12,12,0.5,26,31,0.4561,12,17,0.4138,14,13,0.5185,10,17,0.3704,2,1,0.6667,2,2,0.5,3,2,0.6,6,12,0.3333,15,15,0.5
IPEDS:192703,Manhattan,2022,MAAC,214,280,116,196,12,12,0.5,24,26,0.48,12,14,0.4615,7,6,0.5385,15,19,0.4412,2,1,0.6667,0,2,0.0,0,0,,2,7,0.2222,22,17,0.5641
IPEDS:218539,Presbyterian College,2022,Big South,215,186,175,167,9,15,0.375,22,32,0.4074,13,17,0.4333,12,14,0.4615,10,18,0.3571,0,0,,0,6,0.0,3,6,0.3333,2,5,0.2857,17,15,0.5312
IPEDS:217688,Charleston Southern,2022,Big South,216,200,235,102,13,11,0.5417,24,30,0.4444,8,17,0.32,16,12,0.5714,5,16,0.2381,3,2,0.6,0,5,0.0,1,5,0.1667,3,4,0.4286,20,16,0.5556
IPEDS:219356,South Dakota State,2022,The Summit League,217,277,227,274,13,9,0.5909,20,23,0.4651,7,12,0.3684,6,4,0.6,14,14,0.5,0,5,0.0,0,0,,0,0,,2,14,0.125,18,9,0.6667
IPEDS:152600,Valparaiso,2022,Missouri Valley,218,171,186,256,5,15,0.25,16,32,0.3333,11,16,0.4074,3,12,0.2,13,19,0.4062,0,1,0.0,0,5,0.0,2,9,0.1818,0,6,0.0,14,12,0.5385
IPEDS:233374,Richmond,2022,Atlantic 10,219,258,270,294,11,13,0.4583,30,26,0.5357,15,11,0.5769,18,14,0.5625,6,9,0.4,6,3,0.6667,0,2,0.0,4,7,0.3636,1,1,0.5,25,16,0.6098
IPEDS:122409,San Diego State,2022,Mountain West,220,100,214,53,10,20,0.3333,18,38,0.3214,8,18,0.3077,8,25,0.2424,9,11,0.45,1,2,0.3333,0,5,0.0,6,11,0.3529,6,9,0.4,6,13,0.3158
IPEDS:171571,Oakland,2022,Horizon League,221,286,253,287,18,11,0.6207,29,27,0.5179,9,14,0.3913,13,6,0.6842,14,21,0.4,2,0,1.0,0,0,,2,2,0.5,4,6,0.4,23,19,0.5476
IPEDS:160038,Northwestern State,2022,Southland,222,217,256,263,12,12,0.5,24,29,0.4528,12,15,0.4444,17,10,0.6296,6,13,0.3158,1,6,0.1429,1,5,0.1667,0,2,0.0,5,6,0.4545,18,16,0.5294
IPEDS:157951,Western Kentucky,2022,Conference USA,223,112,206,173,7,23,0.2333,18,36,0.3333,11,13,0.4583,12,20,0.375,6,16,0.2727,0,0,,1,12,0.0769,7,15,0.3182,0,2,0.0,10,7,0.5882
IPEDS:133951,FIU,2022,Conference USA,224,91,241,160,8,22,0.2667,16,34,0.32,8,12,0.4,11,21,0.3438,5,13,0.2778,0,0,,1,16,0.0588,4,7,0.3636,0,3,0.0,11,8,0.5789
IPEDS:179159,Saint Louis,2022,Atlantic 10,225,281,267,291,14,9,0.6087,28,24,0.5385,13,13,0.5,18,8,0.6923,8,12,0.4,2,4,0.3333,0,0,,1,6,0.1429,1,3,0.25,26,15,0.6341
IPEDS:195809,Saint John's,2022,Big East,226,197,246,258,7,12,0.3684,22,32,0.4074,15,20,0.4286,16,10,0.6154,5,21,0.1923,1,1,0.5,1,7,0.125,1,9,0.1,4,3,0.5714,16,13,0.5517
IPEDS:232566,Longwood,2022,Big South,227,193,213,151,10,14,0.4167,20,33,0.3774,10,19,0.3448,11,10,0.5238,9,20,0.3103,0,3,0.0,0,5,0.0,2,7,0.2222,2,11,0.1538,16,10,0.6154
IPEDS:188030,New Mexico State,2022,Western Athletic,228,174,249,207,10,20,0.3333,23,34,0.4035,9,12,0.4286,13,18,0.4194,6,15,0.2857,4,1,0.8,0,4,0.0,1,5,0.1667,3,8,0.2727,19,17,0.5278
IPEDS:217864,The Citadel,2022,Southern,229,210,225,283,5,16,0.2381,26,31,0.4561,20,13,0.6061,21,14,0.6,4,15,0.2105,1,2,0.3333,0,4,0.0,2,12,0.1429,4,4,0.5,20,11,0.6452
IPEDS:211291,Bucknell,2022,Patriot League,230,264,265,259,14,11,0.56,22,26,0.4583,5,13,0.2778,12,7,0.6316,10,16,0.3846,0,3,0.0,0,0,,0,4,0.0,2,3,0.4,20,19,0.5128
IPEDS:234085,VMI,2022,Southern,231,99,243,137,6,15,0.2857,16,40,0.2857,10,24,0.2941,10,16,0.3846,6,23,0.2069,0,1,0.0,0,9,0.0,3,8,0.2727,3,12,0.2,10,11,0.4762
IPEDS:206695,Youngstown State,2022,Horizon League,232,233,171,96,12,16,0.4286,21,36,0.3684,7,18,0.28,6,9,0.4,13,25,0.3421,2,2,0.5,0,3,0.0,1,5,0.1667,4,11,0.2667,16,17,0.4848
IPEDS:236595,Seattle University,2022,Western Athletic,233,132,207,62,11,19,0.3667,15,33,0.3125,4,12,0.25,9,10,0.4737,6,21,0.2222,0,2,0.0,0,5,0.0,3,7,0.3,1,6,0.1429,11,15,0.4231
IPEDS:204024,Miami (OH),2022,Mid-American,234,234,229,169,18,22,0.45,23,33,0.4107,5,11,0.3125,9,16,0.36,13,17,0.4333,1,0,1.0,0,3,0.0,0,12,0.0,4,3,0.5714,19,15,0.5588
IPEDS:198561,Gardner-Webb,2022,Big South,235,182,234,116,11,13,0.4583,23,36,0.3898,10,21,0.3226,15,15,0.5,6,19,0.24,2,2,0.5,0,9,0.0,1,7,0.125,1,4,0.2,21,16,0.5676
IPEDS:160621,Southern,2022,SWAC,236,275,231,20,21,9,0.7,27,31,0.4655,3,20,0.1304,14,5,0.7368,8,21,0.2759,5,5,0.5,1,7,0.125,0,3,0.0,0,4,0.0,26,17,0.6047
IPEDS:132602,Bethune-Cookman,2022,SWAC,237,265,261,163,19,11,0.6333,27,32,0.4576,6,19,0.24,12,13,0.48,11,17,0.3929,4,2,0.6667,0,7,0.0,0,5,0.0,3,2,0.6,24,18,0.5714
IPEDS:196060,Albany,2022,America East,238,284,147,290,11,19,0.3667,22,25,0.4681,11,6,0.6471,4,11,0.2667,18,14,0.5625,0,0,,0,3,0.0,0,0,,0,0,,22,22,0.5
IPEDS:131469,George Washington,2022,Atlantic 10,239,226,221,203,10,14,0.4167,22,30,0.4231,12,16,0.4286,19,8,0.7037,3,22,0.12,0,0,,0,1,0.0,0,7,0.0,2,9,0.1818,20,13,0.6061
IPEDS:190415,Cornell,2022,Ivy League,240,169,111,114,5,16,0.2381,11,25,0.3056,6,9,0.4,4,9,0.3077,7,15,0.3182,0,1,0.0,0,7,0.0,0,3,0.0,2,5,0.2857,9,10,0.4737
IPEDS:218964,Winthrop,2022,Big South,241,148,223,32,11,13,0.4583,18,34,0.3462,7,21,0.25,14,16,0.4667,4,18,0.1818,0,0,,0,7,0.0,2,11,0.1538,2,4,0.3333,14,12,0.5385
IPEDS:150163,Butler,2022,Big East,242,188,219,245,4,16,0.2,19,35,0.3519,15,19,0.4412,12,13,0.48,5,20,0.2,2,2,0.5,0,5,0.0,0,9,0.0,5,7,0.4167,14,14,0.5
IPEDS:213543,Lehigh,2022,Patriot League,243,291,209,297,12,13,0.48,25,24,0.5102,13,9,0.5909,11,6,0.6471,11,17,0.3929,3,1,0.75,0,0,,1,3,0.25,0,0,,24,21,0.5333
IPEDS:219602,Austin Peay,2022,Ohio Valley,244,168,280,236,10,14,0.4167,19,37,0.3393,9,22,0.2903,14,16,0.4667,5,20,0.2,0,1,0.0,0,1,0.0,4,7,0.3636,5,13,0.2778,10,16,0.3846
IPEDS:197197,Wagner,2022,Northeast,245,220,236,119,12,15,0.4444,17,34,0.3333,5,19,0.2083,10,8,0.5556,7,26,0.2121,0,0,,0,5,0.0,0,6,0.0,3,9,0.25,14,14,0.5
IPEDS:174066,Minnesota,2022,Big Ten,246,131,266,229,6,18,0.25,16,36,0.3077,10,18,0.3571,13,16,0.4483,2,18,0.1,1,2,0.3333,1,7,0.125,2,12,0.1429,3,7,0.3,10,10,0.5
IPEDS:106458,Arkansas State,2022,Sun Belt,247,93,251,166,5,24,0.1724,11,38,0.2245,6,14,0.3,7,17,0.2917,4,21,0.16,0,0,,0,12,0.0,2,16,0.1111,0,3,0.0,9,7,0.5625
IPEDS:213385,Lafayette,2022,Patriot League,248,192,222,81,10,15,0.4,15,35,0.3,5,20,0.2,8,7,0.5333,6,25,0.1935,1,3,0.25,0,5,0.0,2,5,0.2857,0,2,0.0,13,23,0.3611
IPEDS:217156,Brown,2022,Ivy League,249,249,274,286,8,13,0.381,13,23,0.3611,5,10,0.3333,7,6,0.5385,6,17,0.2609,0,0,,0,3,0.0,0,3,0.0,2,6,0.25,11,11,0.5
IPEDS:157447,Northern Kentucky,2022,Horizon League,250,246,202,132,11,17,0.3929,19,35,0.3519,7,16,0.3043,7,12,0.3684,11,22,0.3333,1,1,0.5,0,1,0.0,1,1,0.5,3,15,0.1667,15,18,0.4545
NCAA:navy,Navy,2022,Patriot League,251,263,210,198,10,15,0.4,19,26,0.4222,9,11,0.45,8,14,0.3636,9,10,0.4737,2,2,0.5,0,1,0.0,2,1,0.6667,0,1,0.0,17,23,0.425
IPEDS:201441,Bowling Green,2022,Mid-American,252,237,204,146,14,24,0.3684,18,34,0.3462,4,10,0.2857,9,9,0.5,6,24,0.2,3,1,0.75,0,2,0.0,0,8,0.0,1,4,0.2,17,20,0.4595
IPEDS:228769,UTA,2022,Sun Belt,253,129,254,204,7,23,0.2333,15,39,0.2778,8,16,0.3333,13,14,0.4815,2,24,0.0769,0,1,0.0,0,14,0.0,2,9,0.1818,1,2,0.3333,12,14,0.4615
IPEDS:172699,Western Michigan,2022,Mid-American,254,231,237,117,15,24,0.3846,18,36,0.3333,3,12,0.2,8,12,0.4,9,22,0.2903,1,2,0.3333,0,3,0.0,3,7,0.3,1,7,0.125,14,19,0.4242
IPEDS:166850,Merrimack,2022,Northeast,255,259,262,228,12,15,0.4444,17,31,0.3542,5,16,0.2381,7,7,0.5,8,21,0.2759,2,3,0.4,0,5,0.0,0,0,,3,13,0.1875,14,13,0.5185
IPEDS:169798,Eastern Michigan,2022,Mid-American,256,260,259,278,16,24,0.4,20,34,0.3704,4,10,0.2857,9,12,0.4286,11,22,0.3333,0,0,,0,0,,1,7,0.125,1,6,0.1429,18,21,0.4615
IPEDS:130226,Quinnipiac,2022,MAAC,257,239,218,174,8,15,0.3478,15,33,0.3125,7,18,0.28,7,7,0.5,8,25,0.2424,0,1,0.0,0,3,0.0,0,3,0.0,3,6,0.3333,12,21,0.3636
IPEDS:233277,Radford,2022,Big South,258,165,245,87,8,15,0.3478,15,33,0.3125,7,18,0.28,11,16,0.4074,3,16,0.1579,1,1,0.5,0,7,0.0,0,5,0.0,3,5,0.375,12,16,0.4286
IPEDS:151102,Purdue Fort Wayne,2022,Horizon League,259,257,269,223,13,15,0.4643,18,36,0.3333,5,20,0.2,6,11,0.3529,12,24,0.3333,0,1,0.0,0,1,0.0,1,4,0.2,1,12,0.0769,16,19,0.4571
IPEDS:228529,Tarleton State,2022,Western Athletic,260,158,275,182,10,20,0.3333,16,36,0.3077,6,16,0.2727,13,17,0.4333,3,19,0.1364,0,0,,1,4,0.2,0,5,0.0,5,16,0.2381,10,11,0.4762
IPEDS:228431,Stephen F. Austin,2022,Western Athletic,261,206,252,257,8,22,0.2667,15,37,0.2885,7,15,0.3182,8,12,0.4,7,25,0.2188,0,0,,0,5,0.0,0,1,0.0,5,13,0.2778,10,18,0.3571
IPEDS:221768,Tennessee-Martin,2022,Ohio Valley,262,170,244,253,4,20,0.1667,11,34,0.2444,7,14,0.3333,4,13,0.2353,7,20,0.2593,0,1,0.0,1,0,1.0,2,7,0.2222,3,7,0.3,5,20,0.2
IPEDS:193973,Niagara,2022,MAAC,263,287,293,298,13,11,0.5417,22,32,0.4074,6,19,0.24,11,4,0.7333,8,26,0.2353,3,2,0.6,0,0,,0,0,,1,3,0.25,21,29,0.42
IPEDS:164076,Towson,2022,Colonial Athletic,264,146,258,211,4,19,0.1739,14,39,0.2642,10,20,0.3333,11,14,0.44,1,25,0.0385,2,0,1.0,0,9,0.0,2,10,0.1667,2,9,0.1818,10,11,0.4762
IPEDS:163268,UMBC,2022,America East,265,268,248,277,11,19,0.3667,23,32,0.4182,11,11,0.5,15,15,0.5,7,15,0.3182,1,2,0.3333,0,2,0.0,0,0,,0,2,0.0,23,28,0.451
IPEDS:240453,Milwaukee,2022,Horizon League,266,269,189,220,9,18,0.3333,17,30,0.3617,8,12,0.4,6,14,0.3,11,16,0.4074,0,0,,0,4,0.0,0,1,0.0,4,7,0.3636,13,18,0.4194
IPEDS:191241,Fordham,2022,Atlantic 10,267,198,260,138,9,15,0.375,16,36,0.3077,7,21,0.25,13,13,0.5,3,23,0.1154,0,0,,0,7,0.0,0,6,0.0,0,3,0.0,16,20,0.4444
IPEDS:110486,Cal State Bakersfield,2022,Big West,268,235,286,268,11,19,0.3667,18,34,0.3462,7,15,0.3182,10,22,0.3125,8,12,0.4,0,0,,0,3,0.0,4,8,0.3333,2,12,0.1429,12,11,0.5217
IPEDS:199102,North Carolina A&T,2022,Big South,269,175,185,110,3,21,0.125,15,38,0.283,12,17,0.4138,12,16,0.4286,3,21,0.125,0,1,0.0,1,2,0.3333,3,11,0.2143,1,4,0.2,10,21,0.3226
IPEDS:120883,Pacific,2022,West Coast,270,178,264,262,5,22,0.1852,14,38,0.2692,9,16,0.36,11,15,0.4231,3,22,0.12,0,1,0.0,0,9,0.0,0,8,0.0,1,12,0.0769,13,9,0.5909
IPEDS:227526,Prairie View A&M,2022,SWAC,271,298,255,243,19,11,0.6333,25,27,0.4808,5,14,0.2632,11,5,0.6875,12,17,0.4138,2,5,0.2857,0,1,0.0,0,1,0.0,0,0,,25,25,0.5
IPEDS:130934,Delaware State,2022,MEAC,272,300,272,246,19,14,0.5758,25,23,0.5208,3,7,0.3,11,8,0.5789,12,13,0.48,2,2,0.5,0,0,,0,1,0.0,0,0,,25,22,0.5319
IPEDS:166124,Holy Cross,2022,Patriot League,273,278,284,284,11,14,0.44,17,37,0.3148,6,21,0.2222,7,7,0.5,10,30,0.25,0,0,,0,0,,0,4,0.0,1,4,0.2,16,29,0.3556
IPEDS:147703,Northern Illinois,2022,Mid-American,274,225,285,131,13,25,0.3421,14,40,0.2593,1,15,0.0625,7,13,0.35,7,27,0.2059,0,0,,0,1,0.0,0,8,0.0,1,5,0.1667,13,26,0.3333
IPEDS:159009,Grambling State,2022,SWAC,275,290,283,153,20,10,0.6667,24,31,0.4364,3,19,0.1364,10,14,0.4167,11,12,0.4783,3,5,0.375,0,3,0.0,0,0,,0,5,0.0,24,23,0.5106
IPEDS:184603,Fairleigh Dickinson,2022,Northeast,276,292,296,301,16,11,0.5926,24,30,0.4444,8,17,0.32,14,12,0.5385,10,16,0.3846,0,2,0.0,0,0,,0,0,,4,6,0.4,20,24,0.4545
IPEDS:129525,Hartford,2022,America East,277,230,291,227,11,19,0.3667,13,37,0.26,2,16,0.1111,7,14,0.3333,6,21,0.2222,0,2,0.0,0,4,0.0,0,0,,0,3,0.0,13,30,0.3023
IPEDS:175856,Jackson State,2022,SWAC,278,299,233,267,16,14,0.5333,26,27,0.4906,10,11,0.4762,16,9,0.64,9,14,0.3913,1,4,0.2,0,1,0.0,0,0,,0,1,0.0,26,25,0.5098
IPEDS:200800,Akron,2022,Mid-American,279,216,216,55,11,29,0.275,14,39,0.2642,3,10,0.2308,10,14,0.4167,4,25,0.1379,0,0,,0,7,0.0,1,7,0.125,1,6,0.1429,12,19,0.3871
IPEDS:156286,Bellarmine,2022,ASUN,280,191,277,121,8,22,0.2667,11,43,0.2037,3,21,0.125,7,12,0.3684,4,29,0.1212,0,2,0.0,0,6,0.0,0,3,0.0,2,13,0.1333,9,21,0.3
IPEDS:195474,Siena,2022,MAAC,281,224,276,109,8,15,0.3478,11,37,0.2292,3,22,0.12,7,11,0.3889,4,26,0.1333,0,0,,0,3,0.0,0,6,0.0,0,4,0.0,11,24,0.3143
IPEDS:229063,Texas Southern,2022,SWAC,282,296,279,125,19,11,0.6333,20,24,0.4545,1,11,0.0833,10,5,0.6667,10,15,0.4,0,4,0.0,0,1,0.0,0,2,0.0,0,6,0.0,20,15,0.5714
IPEDS:163462,Mount Saint Mary's,2022,Northeast,283,270,247,225,7,20,0.2593,14,34,0.2917,7,14,0.3333,7,11,0.3889,6,20,0.2308,1,3,0.25,0,0,,0,0,,2,12,0.1429,12,22,0.3529
IPEDS:162283,Coppin State,2022,MEAC,284,293,298,293,17,13,0.5667,24,30,0.4444,4,14,0.2222,13,15,0.4643,8,13,0.381,3,2,0.6,0,2,0.0,0,0,,0,4,0.0,24,24,0.5
IPEDS:174914,Saint Thomas,2022,The Summit League,285,289,288,299,10,14,0.4167,15,28,0.3488,5,14,0.2632,7,7,0.5,5,21,0.1923,3,0,1.0,0,0,,0,3,0.0,2,4,0.3333,13,21,0.3824
IPEDS:186131,Princeton,2022,Ivy League,286,202,273,222,3,18,0.1429,7,33,0.175,4,15,0.2105,4,10,0.2857,3,19,0.1364,0,4,0.0,1,4,0.2,0,5,0.0,1,12,0.0769,5,12,0.2941
IPEDS:110671,UC Riverside,2022,Big West,287,166,278,144,4,26,0.1333,8,45,0.1509,4,19,0.1739,7,21,0.25,1,24,0.04,0,0,,0,3,0.0,2,15,0.1176,0,11,0.0,6,16,0.2727
IPEDS:101879,North Alabama,2022,ASUN,288,243,263,219,5,25,0.1667,12,41,0.2264,7,16,0.3043,11,13,0.4583,1,28,0.0345,0,0,,1,4,0.2,0,1,0.0,2,14,0.125,9,22,0.2903
IPEDS:232937,Norfolk State,2022,MEAC,289,288,268,75,12,18,0.4,15,32,0.3191,3,12,0.2,9,19,0.3214,6,13,0.3158,0,0,,0,0,,0,3,0.0,1,2,0.3333,14,27,0.3415
IPEDS:191931,Iona,2022,MAAC,290,218,287,64,6,18,0.25,6,41,0.1277,0,23,0.0,4,9,0.3077,2,32,0.0588,0,0,,0,7,0.0,0,0,,0,4,0.0,6,30,0.1667
IPEDS:110644,UC Davis,2022,Big West,291,219,297,270,5,25,0.1667,6,35,0.1463,1,10,0.0909,4,16,0.2,2,19,0.0952,0,0,,0,4,0.0,0,9,0.0,1,5,0.1667,5,17,0.2273
IPEDS:130253,Sacred Heart,2022,Northeast,292,271,295,261,9,18,0.3333,12,41,0.2264,3,23,0.1154,10,8,0.5556,2,29,0.0645,0,4,0.0,0,0,,0,3,0.0,3,11,0.2143,9,27,0.25
IPEDS:100654,Alabama A&M,2022,SWAC,293,282,292,244,10,20,0.3333,12,34,0.2609,2,14,0.125,6,18,0.25,6,16,0.2727,0,0,,0,1,0.0,1,2,0.3333,0,3,0.0,11,28,0.2821
IPEDS:163338,Maryland Eastern Shore,2022,MEAC,294,294,301,292,15,18,0.4545,17,37,0.3148,1,17,0.0556,7,15,0.3182,10,20,0.3333,0,2,0.0,0,0,,0,0,,0,2,0.0,17,35,0.3269
IPEDS:186432,Saint Peter's,2022,MAAC,295,272,289,239,6,17,0.2609,9,41,0.18,3,24,0.1111,4,11,0.2667,5,29,0.1471,0,1,0.0,0,1,0.0,0,3,0.0,0,7,0.0,9,30,0.2308
IPEDS:149772,Western Illinois,2022,The Summit League,296,274,290,251,5,19,0.2083,8,44,0.1538,3,25,0.1071,2,13,0.1333,6,31,0.1622,0,0,,0,0,,0,6,0.0,3,10,0.2308,5,28,0.1515
IPEDS:127741,Northern Colorado,2022,The Summit League,297,283,300,279,8,16,0.3333,9,36,0.2,1,20,0.0476,4,8,0.3333,5,28,0.1515,0,0,,0,0,,0,6,0.0,0,11,0.0,9,19,0.3214
IPEDS:195164,Saint Bonaventure,2022,Atlantic 10,298,253,299,281,3,21,0.125,5,39,0.1136,2,18,0.1,4,11,0.2667,1,24,0.04,0,4,0.0,0,0,,0,4,0.0,0,1,0.0,5,34,0.1282
IPEDS:106412,Arkansas-Pine Bluff,2022,SWAC,299,301,281,154,9,21,0.3,11,36,0.234,2,15,0.1176,4,17,0.1905,7,17,0.2917,0,2,0.0,0,2,0.0,0,0,,0,4,0.0,11,30,0.2683
IPEDS:176044,Mississippi Valley State,2022,SWAC,300,295,282,295,4,25,0.1379,6,31,0.1622,2,6,0.25,3,11,0.2143,3,20,0.1304,0,0,,0,0,,0,0,,0,0,,6,31,0.1622
IPEDS:175342,Alcorn State,2022,SWAC,301,297,294,133,2,28,0.0667,2,39,0.0488,0,11,0.0,0,16,0.0,2,23,0.08,0,0,,0,1,0.0,0,0,,0,0,,2,38,0.05
